name,dest_table_name,time,reftype,ref
column_meta,,,ref,census.gov-acs_geofile-schemas-2009e-column_meta
geofile,,,ref,census.gov-acs-geofile-2009-geofile-20095
geofiles,,,ref,census.gov-acs-geofile-2009-geofile-20095
states,,,ref,census.gov-acs-geofile-2009-geofile40-20095-40
sumlevels,,,ref,census.gov-acs_geofile-schemas-2009e-sumlevels
table_meta,,,ref,census.gov-acs_geofile-schemas-2009e-table_meta
table_sequence,,,ref,census.gov-acs_geofile-schemas-2009e-table_sequence
table_shells,,,ref,census.gov-acs_geofile-schemas-2009e-table_shells
b00001,b00001,,generator,TableRowGenerator
b00002,b00002,,generator,TableRowGenerator
b01001,b01001,,generator,TableRowGenerator
b01001a,b01001a,,generator,TableRowGenerator
b01001b,b01001b,,generator,TableRowGenerator
b01001c,b01001c,,generator,TableRowGenerator
b01001d,b01001d,,generator,TableRowGenerator
b01001e,b01001e,,generator,TableRowGenerator
b01001f,b01001f,,generator,TableRowGenerator
b01001g,b01001g,,generator,TableRowGenerator
b01001h,b01001h,,generator,TableRowGenerator
b01001i,b01001i,,generator,TableRowGenerator
b01002,b01002,,generator,TableRowGenerator
b01002a,b01002a,,generator,TableRowGenerator
b01002b,b01002b,,generator,TableRowGenerator
b01002c,b01002c,,generator,TableRowGenerator
b01002d,b01002d,,generator,TableRowGenerator
b01002e,b01002e,,generator,TableRowGenerator
b01002f,b01002f,,generator,TableRowGenerator
b01002g,b01002g,,generator,TableRowGenerator
b01002h,b01002h,,generator,TableRowGenerator
b01002i,b01002i,,generator,TableRowGenerator
b01003,b01003,,generator,TableRowGenerator
b02001,b02001,,generator,TableRowGenerator
b02005,b02005,,generator,TableRowGenerator
b02006,b02006,,generator,TableRowGenerator
b02007,b02007,,generator,TableRowGenerator
b02008,b02008,,generator,TableRowGenerator
b02009,b02009,,generator,TableRowGenerator
b02010,b02010,,generator,TableRowGenerator
b02011,b02011,,generator,TableRowGenerator
b02012,b02012,,generator,TableRowGenerator
b02013,b02013,,generator,TableRowGenerator
b03001,b03001,,generator,TableRowGenerator
b03002,b03002,,generator,TableRowGenerator
b03003,b03003,,generator,TableRowGenerator
b04001,b04001,,generator,TableRowGenerator
b04002,b04002,,generator,TableRowGenerator
b04003,b04003,,generator,TableRowGenerator
b04004,b04004,,generator,TableRowGenerator
b04005,b04005,,generator,TableRowGenerator
b04006,b04006,,generator,TableRowGenerator
b04007,b04007,,generator,TableRowGenerator
b05001,b05001,,generator,TableRowGenerator
b05001pr,b05001pr,,generator,TableRowGenerator
b05002,b05002,,generator,TableRowGenerator
b05003,b05003,,generator,TableRowGenerator
b05003a,b05003a,,generator,TableRowGenerator
b05003b,b05003b,,generator,TableRowGenerator
b05003c,b05003c,,generator,TableRowGenerator
b05003d,b05003d,,generator,TableRowGenerator
b05003e,b05003e,,generator,TableRowGenerator
b05003f,b05003f,,generator,TableRowGenerator
b05003g,b05003g,,generator,TableRowGenerator
b05003h,b05003h,,generator,TableRowGenerator
b05003i,b05003i,,generator,TableRowGenerator
b05004,b05004,,generator,TableRowGenerator
b05005,b05005,,generator,TableRowGenerator
b05005pr,b05005pr,,generator,TableRowGenerator
b05006,b05006,,generator,TableRowGenerator
b05007,b05007,,generator,TableRowGenerator
b05008,b05008,,generator,TableRowGenerator
b05009,b05009,,generator,TableRowGenerator
b05010,b05010,,generator,TableRowGenerator
b05012,b05012,,generator,TableRowGenerator
b06001,b06001,,generator,TableRowGenerator
b06001pr,b06001pr,,generator,TableRowGenerator
b06002,b06002,,generator,TableRowGenerator
b06002pr,b06002pr,,generator,TableRowGenerator
b06003,b06003,,generator,TableRowGenerator
b06003pr,b06003pr,,generator,TableRowGenerator
b06004a,b06004a,,generator,TableRowGenerator
b06004apr,b06004apr,,generator,TableRowGenerator
b06004b,b06004b,,generator,TableRowGenerator
b06004bpr,b06004bpr,,generator,TableRowGenerator
b06004c,b06004c,,generator,TableRowGenerator
b06004cpr,b06004cpr,,generator,TableRowGenerator
b06004d,b06004d,,generator,TableRowGenerator
b06004dpr,b06004dpr,,generator,TableRowGenerator
b06004e,b06004e,,generator,TableRowGenerator
b06004epr,b06004epr,,generator,TableRowGenerator
b06004f,b06004f,,generator,TableRowGenerator
b06004fpr,b06004fpr,,generator,TableRowGenerator
b06004g,b06004g,,generator,TableRowGenerator
b06004gpr,b06004gpr,,generator,TableRowGenerator
b06004h,b06004h,,generator,TableRowGenerator
b06004hpr,b06004hpr,,generator,TableRowGenerator
b06004i,b06004i,,generator,TableRowGenerator
b06004ipr,b06004ipr,,generator,TableRowGenerator
b06007,b06007,,generator,TableRowGenerator
b06007pr,b06007pr,,generator,TableRowGenerator
b06008,b06008,,generator,TableRowGenerator
b06008pr,b06008pr,,generator,TableRowGenerator
b06009,b06009,,generator,TableRowGenerator
b06009pr,b06009pr,,generator,TableRowGenerator
b06010,b06010,,generator,TableRowGenerator
b06010pr,b06010pr,,generator,TableRowGenerator
b06011,b06011,,generator,TableRowGenerator
b06011pr,b06011pr,,generator,TableRowGenerator
b06012,b06012,,generator,TableRowGenerator
b06012pr,b06012pr,,generator,TableRowGenerator
b07001,b07001,,generator,TableRowGenerator
b07001pr,b07001pr,,generator,TableRowGenerator
b07002,b07002,,generator,TableRowGenerator
b07002pr,b07002pr,,generator,TableRowGenerator
b07003,b07003,,generator,TableRowGenerator
b07003pr,b07003pr,,generator,TableRowGenerator
b07004a,b07004a,,generator,TableRowGenerator
b07004apr,b07004apr,,generator,TableRowGenerator
b07004b,b07004b,,generator,TableRowGenerator
b07004bpr,b07004bpr,,generator,TableRowGenerator
b07004c,b07004c,,generator,TableRowGenerator
b07004cpr,b07004cpr,,generator,TableRowGenerator
b07004d,b07004d,,generator,TableRowGenerator
b07004dpr,b07004dpr,,generator,TableRowGenerator
b07004e,b07004e,,generator,TableRowGenerator
b07004epr,b07004epr,,generator,TableRowGenerator
b07004f,b07004f,,generator,TableRowGenerator
b07004fpr,b07004fpr,,generator,TableRowGenerator
b07004g,b07004g,,generator,TableRowGenerator
b07004gpr,b07004gpr,,generator,TableRowGenerator
b07004h,b07004h,,generator,TableRowGenerator
b07004hpr,b07004hpr,,generator,TableRowGenerator
b07004i,b07004i,,generator,TableRowGenerator
b07004ipr,b07004ipr,,generator,TableRowGenerator
b07007,b07007,,generator,TableRowGenerator
b07007pr,b07007pr,,generator,TableRowGenerator
b07008,b07008,,generator,TableRowGenerator
b07008pr,b07008pr,,generator,TableRowGenerator
b07009,b07009,,generator,TableRowGenerator
b07009pr,b07009pr,,generator,TableRowGenerator
b07010,b07010,,generator,TableRowGenerator
b07010pr,b07010pr,,generator,TableRowGenerator
b07011,b07011,,generator,TableRowGenerator
b07011pr,b07011pr,,generator,TableRowGenerator
b07012,b07012,,generator,TableRowGenerator
b07012pr,b07012pr,,generator,TableRowGenerator
b07013,b07013,,generator,TableRowGenerator
b07013pr,b07013pr,,generator,TableRowGenerator
b07101,b07101,,generator,TableRowGenerator
b07202pr,b07202pr,,generator,TableRowGenerator
b07203pr,b07203pr,,generator,TableRowGenerator
b07204,b07204,,generator,TableRowGenerator
b07204pr,b07204pr,,generator,TableRowGenerator
b07401,b07401,,generator,TableRowGenerator
b07401pr,b07401pr,,generator,TableRowGenerator
b07402,b07402,,generator,TableRowGenerator
b07402pr,b07402pr,,generator,TableRowGenerator
b07403,b07403,,generator,TableRowGenerator
b07403pr,b07403pr,,generator,TableRowGenerator
b07404a,b07404a,,generator,TableRowGenerator
b07404apr,b07404apr,,generator,TableRowGenerator
b07404b,b07404b,,generator,TableRowGenerator
b07404bpr,b07404bpr,,generator,TableRowGenerator
b07404c,b07404c,,generator,TableRowGenerator
b07404cpr,b07404cpr,,generator,TableRowGenerator
b07404d,b07404d,,generator,TableRowGenerator
b07404dpr,b07404dpr,,generator,TableRowGenerator
b07404e,b07404e,,generator,TableRowGenerator
b07404epr,b07404epr,,generator,TableRowGenerator
b07404f,b07404f,,generator,TableRowGenerator
b07404fpr,b07404fpr,,generator,TableRowGenerator
b07404g,b07404g,,generator,TableRowGenerator
b07404gpr,b07404gpr,,generator,TableRowGenerator
b07404h,b07404h,,generator,TableRowGenerator
b07404hpr,b07404hpr,,generator,TableRowGenerator
b07404i,b07404i,,generator,TableRowGenerator
b07404ipr,b07404ipr,,generator,TableRowGenerator
b07407,b07407,,generator,TableRowGenerator
b07407pr,b07407pr,,generator,TableRowGenerator
b07408,b07408,,generator,TableRowGenerator
b07408pr,b07408pr,,generator,TableRowGenerator
b07409,b07409,,generator,TableRowGenerator
b07409pr,b07409pr,,generator,TableRowGenerator
b07410,b07410,,generator,TableRowGenerator
b07410pr,b07410pr,,generator,TableRowGenerator
b07411,b07411,,generator,TableRowGenerator
b07411pr,b07411pr,,generator,TableRowGenerator
b07412,b07412,,generator,TableRowGenerator
b07412pr,b07412pr,,generator,TableRowGenerator
b07413,b07413,,generator,TableRowGenerator
b07413pr,b07413pr,,generator,TableRowGenerator
b08006,b08006,,generator,TableRowGenerator
b08007,b08007,,generator,TableRowGenerator
b08008,b08008,,generator,TableRowGenerator
b08009,b08009,,generator,TableRowGenerator
b08011,b08011,,generator,TableRowGenerator
b08012,b08012,,generator,TableRowGenerator
b08013,b08013,,generator,TableRowGenerator
b08014,b08014,,generator,TableRowGenerator
b08015,b08015,,generator,TableRowGenerator
b08016,b08016,,generator,TableRowGenerator
b08017,b08017,,generator,TableRowGenerator
b08018,b08018,,generator,TableRowGenerator
b08101,b08101,,generator,TableRowGenerator
b08103,b08103,,generator,TableRowGenerator
b08105a,b08105a,,generator,TableRowGenerator
b08105b,b08105b,,generator,TableRowGenerator
b08105c,b08105c,,generator,TableRowGenerator
b08105d,b08105d,,generator,TableRowGenerator
b08105e,b08105e,,generator,TableRowGenerator
b08105f,b08105f,,generator,TableRowGenerator
b08105g,b08105g,,generator,TableRowGenerator
b08105h,b08105h,,generator,TableRowGenerator
b08105i,b08105i,,generator,TableRowGenerator
b08111,b08111,,generator,TableRowGenerator
b08113,b08113,,generator,TableRowGenerator
b08119,b08119,,generator,TableRowGenerator
b08121,b08121,,generator,TableRowGenerator
b08122,b08122,,generator,TableRowGenerator
b08124,b08124,,generator,TableRowGenerator
b08126,b08126,,generator,TableRowGenerator
b08128,b08128,,generator,TableRowGenerator
b08130,b08130,,generator,TableRowGenerator
b08131,b08131,,generator,TableRowGenerator
b08132,b08132,,generator,TableRowGenerator
b08133,b08133,,generator,TableRowGenerator
b08135,b08135,,generator,TableRowGenerator
b08137,b08137,,generator,TableRowGenerator
b08141,b08141,,generator,TableRowGenerator
b08201,b08201,,generator,TableRowGenerator
b08202,b08202,,generator,TableRowGenerator
b08203,b08203,,generator,TableRowGenerator
b08301,b08301,,generator,TableRowGenerator
b08302,b08302,,generator,TableRowGenerator
b08303,b08303,,generator,TableRowGenerator
b08406,b08406,,generator,TableRowGenerator
b08412,b08412,,generator,TableRowGenerator
b08501,b08501,,generator,TableRowGenerator
b08503,b08503,,generator,TableRowGenerator
b08505a,b08505a,,generator,TableRowGenerator
b08505b,b08505b,,generator,TableRowGenerator
b08505c,b08505c,,generator,TableRowGenerator
b08505d,b08505d,,generator,TableRowGenerator
b08505e,b08505e,,generator,TableRowGenerator
b08505f,b08505f,,generator,TableRowGenerator
b08505g,b08505g,,generator,TableRowGenerator
b08505h,b08505h,,generator,TableRowGenerator
b08505i,b08505i,,generator,TableRowGenerator
b08511,b08511,,generator,TableRowGenerator
b08513,b08513,,generator,TableRowGenerator
b08519,b08519,,generator,TableRowGenerator
b08521,b08521,,generator,TableRowGenerator
b08522,b08522,,generator,TableRowGenerator
b08524,b08524,,generator,TableRowGenerator
b08526,b08526,,generator,TableRowGenerator
b08528,b08528,,generator,TableRowGenerator
b08532,b08532,,generator,TableRowGenerator
b08534,b08534,,generator,TableRowGenerator
b08536,b08536,,generator,TableRowGenerator
b08537,b08537,,generator,TableRowGenerator
b08541,b08541,,generator,TableRowGenerator
b08601,b08601,,generator,TableRowGenerator
b08602,b08602,,generator,TableRowGenerator
b08603,b08603,,generator,TableRowGenerator
b09001,b09001,,generator,TableRowGenerator
b09002,b09002,,generator,TableRowGenerator
b09005,b09005,,generator,TableRowGenerator
b09006,b09006,,generator,TableRowGenerator
b09008,b09008,,generator,TableRowGenerator
b09010,b09010,,generator,TableRowGenerator
b09016,b09016,,generator,TableRowGenerator
b09017,b09017,,generator,TableRowGenerator
b10001,b10001,,generator,TableRowGenerator
b10002,b10002,,generator,TableRowGenerator
b10010,b10010,,generator,TableRowGenerator
b10050,b10050,,generator,TableRowGenerator
b10051,b10051,,generator,TableRowGenerator
b10051a,b10051a,,generator,TableRowGenerator
b10051b,b10051b,,generator,TableRowGenerator
b10051c,b10051c,,generator,TableRowGenerator
b10051d,b10051d,,generator,TableRowGenerator
b10051e,b10051e,,generator,TableRowGenerator
b10051f,b10051f,,generator,TableRowGenerator
b10051g,b10051g,,generator,TableRowGenerator
b10051h,b10051h,,generator,TableRowGenerator
b10051i,b10051i,,generator,TableRowGenerator
b10053,b10053,,generator,TableRowGenerator
b10054,b10054,,generator,TableRowGenerator
b10056,b10056,,generator,TableRowGenerator
b10057,b10057,,generator,TableRowGenerator
b10058,b10058,,generator,TableRowGenerator
b10059,b10059,,generator,TableRowGenerator
b10060,b10060,,generator,TableRowGenerator
b10061,b10061,,generator,TableRowGenerator
b10063,b10063,,generator,TableRowGenerator
b11001,b11001,,generator,TableRowGenerator
b11001a,b11001a,,generator,TableRowGenerator
b11001b,b11001b,,generator,TableRowGenerator
b11001c,b11001c,,generator,TableRowGenerator
b11001d,b11001d,,generator,TableRowGenerator
b11001e,b11001e,,generator,TableRowGenerator
b11001f,b11001f,,generator,TableRowGenerator
b11001g,b11001g,,generator,TableRowGenerator
b11001h,b11001h,,generator,TableRowGenerator
b11001i,b11001i,,generator,TableRowGenerator
b11002,b11002,,generator,TableRowGenerator
b11002a,b11002a,,generator,TableRowGenerator
b11002b,b11002b,,generator,TableRowGenerator
b11002c,b11002c,,generator,TableRowGenerator
b11002d,b11002d,,generator,TableRowGenerator
b11002e,b11002e,,generator,TableRowGenerator
b11002f,b11002f,,generator,TableRowGenerator
b11002g,b11002g,,generator,TableRowGenerator
b11002h,b11002h,,generator,TableRowGenerator
b11002i,b11002i,,generator,TableRowGenerator
b11003,b11003,,generator,TableRowGenerator
b11004,b11004,,generator,TableRowGenerator
b11005,b11005,,generator,TableRowGenerator
b11006,b11006,,generator,TableRowGenerator
b11007,b11007,,generator,TableRowGenerator
b11009,b11009,,generator,TableRowGenerator
b11010,b11010,,generator,TableRowGenerator
b11011,b11011,,generator,TableRowGenerator
b11012,b11012,,generator,TableRowGenerator
b11013,b11013,,generator,TableRowGenerator
b11014,b11014,,generator,TableRowGenerator
b11015,b11015,,generator,TableRowGenerator
b11016,b11016,,generator,TableRowGenerator
b12001,b12001,,generator,TableRowGenerator
b12002,b12002,,generator,TableRowGenerator
b12002a,b12002a,,generator,TableRowGenerator
b12002b,b12002b,,generator,TableRowGenerator
b12002c,b12002c,,generator,TableRowGenerator
b12002d,b12002d,,generator,TableRowGenerator
b12002e,b12002e,,generator,TableRowGenerator
b12002f,b12002f,,generator,TableRowGenerator
b12002g,b12002g,,generator,TableRowGenerator
b12002h,b12002h,,generator,TableRowGenerator
b12002i,b12002i,,generator,TableRowGenerator
b12005,b12005,,generator,TableRowGenerator
b12006,b12006,,generator,TableRowGenerator
b12007,b12007,,generator,TableRowGenerator
b12007a,b12007a,,generator,TableRowGenerator
b12007b,b12007b,,generator,TableRowGenerator
b12007c,b12007c,,generator,TableRowGenerator
b12007d,b12007d,,generator,TableRowGenerator
b12007e,b12007e,,generator,TableRowGenerator
b12007f,b12007f,,generator,TableRowGenerator
b12007g,b12007g,,generator,TableRowGenerator
b12007h,b12007h,,generator,TableRowGenerator
b12007i,b12007i,,generator,TableRowGenerator
b13001,b13001,,generator,TableRowGenerator
b13002,b13002,,generator,TableRowGenerator
b13002a,b13002a,,generator,TableRowGenerator
b13002b,b13002b,,generator,TableRowGenerator
b13002c,b13002c,,generator,TableRowGenerator
b13002d,b13002d,,generator,TableRowGenerator
b13002e,b13002e,,generator,TableRowGenerator
b13002f,b13002f,,generator,TableRowGenerator
b13002g,b13002g,,generator,TableRowGenerator
b13002h,b13002h,,generator,TableRowGenerator
b13002i,b13002i,,generator,TableRowGenerator
b13004,b13004,,generator,TableRowGenerator
b13008,b13008,,generator,TableRowGenerator
b13010,b13010,,generator,TableRowGenerator
b13012,b13012,,generator,TableRowGenerator
b13014,b13014,,generator,TableRowGenerator
b14001,b14001,,generator,TableRowGenerator
b14002,b14002,,generator,TableRowGenerator
b14003,b14003,,generator,TableRowGenerator
b14004,b14004,,generator,TableRowGenerator
b14005,b14005,,generator,TableRowGenerator
b14006,b14006,,generator,TableRowGenerator
b15001,b15001,,generator,TableRowGenerator
b15002,b15002,,generator,TableRowGenerator
b16001,b16001,,generator,TableRowGenerator
b16002,b16002,,generator,TableRowGenerator
b16003,b16003,,generator,TableRowGenerator
b16004,b16004,,generator,TableRowGenerator
b16005,b16005,,generator,TableRowGenerator
b16005a,b16005a,,generator,TableRowGenerator
b16005b,b16005b,,generator,TableRowGenerator
b16005c,b16005c,,generator,TableRowGenerator
b16005d,b16005d,,generator,TableRowGenerator
b16005e,b16005e,,generator,TableRowGenerator
b16005f,b16005f,,generator,TableRowGenerator
b16005g,b16005g,,generator,TableRowGenerator
b16005h,b16005h,,generator,TableRowGenerator
b16005i,b16005i,,generator,TableRowGenerator
b16006,b16006,,generator,TableRowGenerator
b16007,b16007,,generator,TableRowGenerator
b16008,b16008,,generator,TableRowGenerator
b16009,b16009,,generator,TableRowGenerator
b16010,b16010,,generator,TableRowGenerator
b17001,b17001,,generator,TableRowGenerator
b17001a,b17001a,,generator,TableRowGenerator
b17001b,b17001b,,generator,TableRowGenerator
b17001c,b17001c,,generator,TableRowGenerator
b17001d,b17001d,,generator,TableRowGenerator
b17001e,b17001e,,generator,TableRowGenerator
b17001f,b17001f,,generator,TableRowGenerator
b17001g,b17001g,,generator,TableRowGenerator
b17001h,b17001h,,generator,TableRowGenerator
b17001i,b17001i,,generator,TableRowGenerator
b17003,b17003,,generator,TableRowGenerator
b17004,b17004,,generator,TableRowGenerator
b17005,b17005,,generator,TableRowGenerator
b17006,b17006,,generator,TableRowGenerator
b17007,b17007,,generator,TableRowGenerator
b17008,b17008,,generator,TableRowGenerator
b17009,b17009,,generator,TableRowGenerator
b17010,b17010,,generator,TableRowGenerator
b17010a,b17010a,,generator,TableRowGenerator
b17010b,b17010b,,generator,TableRowGenerator
b17010c,b17010c,,generator,TableRowGenerator
b17010d,b17010d,,generator,TableRowGenerator
b17010e,b17010e,,generator,TableRowGenerator
b17010f,b17010f,,generator,TableRowGenerator
b17010g,b17010g,,generator,TableRowGenerator
b17010h,b17010h,,generator,TableRowGenerator
b17010i,b17010i,,generator,TableRowGenerator
b17011,b17011,,generator,TableRowGenerator
b17012,b17012,,generator,TableRowGenerator
b17013,b17013,,generator,TableRowGenerator
b17014,b17014,,generator,TableRowGenerator
b17015,b17015,,generator,TableRowGenerator
b17016,b17016,,generator,TableRowGenerator
b17017,b17017,,generator,TableRowGenerator
b17018,b17018,,generator,TableRowGenerator
b17019,b17019,,generator,TableRowGenerator
b17020a,b17020a,,generator,TableRowGenerator
b17020b,b17020b,,generator,TableRowGenerator
b17020c,b17020c,,generator,TableRowGenerator
b17020d,b17020d,,generator,TableRowGenerator
b17020e,b17020e,,generator,TableRowGenerator
b17020f,b17020f,,generator,TableRowGenerator
b17020g,b17020g,,generator,TableRowGenerator
b17020h,b17020h,,generator,TableRowGenerator
b17020i,b17020i,,generator,TableRowGenerator
b17021,b17021,,generator,TableRowGenerator
b17022,b17022,,generator,TableRowGenerator
b17023,b17023,,generator,TableRowGenerator
b17024,b17024,,generator,TableRowGenerator
b17025,b17025,,generator,TableRowGenerator
b17026,b17026,,generator,TableRowGenerator
b19001,b19001,,generator,TableRowGenerator
b19001a,b19001a,,generator,TableRowGenerator
b19001b,b19001b,,generator,TableRowGenerator
b19001c,b19001c,,generator,TableRowGenerator
b19001d,b19001d,,generator,TableRowGenerator
b19001e,b19001e,,generator,TableRowGenerator
b19001f,b19001f,,generator,TableRowGenerator
b19001g,b19001g,,generator,TableRowGenerator
b19001h,b19001h,,generator,TableRowGenerator
b19001i,b19001i,,generator,TableRowGenerator
b19013,b19013,,generator,TableRowGenerator
b19013a,b19013a,,generator,TableRowGenerator
b19013b,b19013b,,generator,TableRowGenerator
b19013c,b19013c,,generator,TableRowGenerator
b19013d,b19013d,,generator,TableRowGenerator
b19013e,b19013e,,generator,TableRowGenerator
b19013f,b19013f,,generator,TableRowGenerator
b19013g,b19013g,,generator,TableRowGenerator
b19013h,b19013h,,generator,TableRowGenerator
b19013i,b19013i,,generator,TableRowGenerator
b19019,b19019,,generator,TableRowGenerator
b19025,b19025,,generator,TableRowGenerator
b19025a,b19025a,,generator,TableRowGenerator
b19025b,b19025b,,generator,TableRowGenerator
b19025c,b19025c,,generator,TableRowGenerator
b19025d,b19025d,,generator,TableRowGenerator
b19025e,b19025e,,generator,TableRowGenerator
b19025f,b19025f,,generator,TableRowGenerator
b19025g,b19025g,,generator,TableRowGenerator
b19025h,b19025h,,generator,TableRowGenerator
b19025i,b19025i,,generator,TableRowGenerator
b19037,b19037,,generator,TableRowGenerator
b19037a,b19037a,,generator,TableRowGenerator
b19037b,b19037b,,generator,TableRowGenerator
b19037c,b19037c,,generator,TableRowGenerator
b19037d,b19037d,,generator,TableRowGenerator
b19037e,b19037e,,generator,TableRowGenerator
b19037f,b19037f,,generator,TableRowGenerator
b19037g,b19037g,,generator,TableRowGenerator
b19037h,b19037h,,generator,TableRowGenerator
b19037i,b19037i,,generator,TableRowGenerator
b19049,b19049,,generator,TableRowGenerator
b19050,b19050,,generator,TableRowGenerator
b19051,b19051,,generator,TableRowGenerator
b19052,b19052,,generator,TableRowGenerator
b19053,b19053,,generator,TableRowGenerator
b19054,b19054,,generator,TableRowGenerator
b19055,b19055,,generator,TableRowGenerator
b19056,b19056,,generator,TableRowGenerator
b19057,b19057,,generator,TableRowGenerator
b19058,b19058,,generator,TableRowGenerator
b19059,b19059,,generator,TableRowGenerator
b19060,b19060,,generator,TableRowGenerator
b19061,b19061,,generator,TableRowGenerator
b19062,b19062,,generator,TableRowGenerator
b19063,b19063,,generator,TableRowGenerator
b19064,b19064,,generator,TableRowGenerator
b19065,b19065,,generator,TableRowGenerator
b19066,b19066,,generator,TableRowGenerator
b19067,b19067,,generator,TableRowGenerator
b19069,b19069,,generator,TableRowGenerator
b19070,b19070,,generator,TableRowGenerator
b19080,b19080,,generator,TableRowGenerator
b19081,b19081,,generator,TableRowGenerator
b19082,b19082,,generator,TableRowGenerator
b19083,b19083,,generator,TableRowGenerator
b19101,b19101,,generator,TableRowGenerator
b19101a,b19101a,,generator,TableRowGenerator
b19101b,b19101b,,generator,TableRowGenerator
b19101c,b19101c,,generator,TableRowGenerator
b19101d,b19101d,,generator,TableRowGenerator
b19101e,b19101e,,generator,TableRowGenerator
b19101f,b19101f,,generator,TableRowGenerator
b19101g,b19101g,,generator,TableRowGenerator
b19101h,b19101h,,generator,TableRowGenerator
b19101i,b19101i,,generator,TableRowGenerator
b19113,b19113,,generator,TableRowGenerator
b19113a,b19113a,,generator,TableRowGenerator
b19113b,b19113b,,generator,TableRowGenerator
b19113c,b19113c,,generator,TableRowGenerator
b19113d,b19113d,,generator,TableRowGenerator
b19113e,b19113e,,generator,TableRowGenerator
b19113f,b19113f,,generator,TableRowGenerator
b19113g,b19113g,,generator,TableRowGenerator
b19113h,b19113h,,generator,TableRowGenerator
b19113i,b19113i,,generator,TableRowGenerator
b19119,b19119,,generator,TableRowGenerator
b19121,b19121,,generator,TableRowGenerator
b19125,b19125,,generator,TableRowGenerator
b19126,b19126,,generator,TableRowGenerator
b19127,b19127,,generator,TableRowGenerator
b19128,b19128,,generator,TableRowGenerator
b19129,b19129,,generator,TableRowGenerator
b19130,b19130,,generator,TableRowGenerator
b19131,b19131,,generator,TableRowGenerator
b19201,b19201,,generator,TableRowGenerator
b19202,b19202,,generator,TableRowGenerator
b19202a,b19202a,,generator,TableRowGenerator
b19202b,b19202b,,generator,TableRowGenerator
b19202c,b19202c,,generator,TableRowGenerator
b19202d,b19202d,,generator,TableRowGenerator
b19202e,b19202e,,generator,TableRowGenerator
b19202f,b19202f,,generator,TableRowGenerator
b19202g,b19202g,,generator,TableRowGenerator
b19202h,b19202h,,generator,TableRowGenerator
b19202i,b19202i,,generator,TableRowGenerator
b19214,b19214,,generator,TableRowGenerator
b19215,b19215,,generator,TableRowGenerator
b19216,b19216,,generator,TableRowGenerator
b19301,b19301,,generator,TableRowGenerator
b19301a,b19301a,,generator,TableRowGenerator
b19301b,b19301b,,generator,TableRowGenerator
b19301c,b19301c,,generator,TableRowGenerator
b19301d,b19301d,,generator,TableRowGenerator
b19301e,b19301e,,generator,TableRowGenerator
b19301f,b19301f,,generator,TableRowGenerator
b19301g,b19301g,,generator,TableRowGenerator
b19301h,b19301h,,generator,TableRowGenerator
b19301i,b19301i,,generator,TableRowGenerator
b19313,b19313,,generator,TableRowGenerator
b19313a,b19313a,,generator,TableRowGenerator
b19313b,b19313b,,generator,TableRowGenerator
b19313c,b19313c,,generator,TableRowGenerator
b19313d,b19313d,,generator,TableRowGenerator
b19313e,b19313e,,generator,TableRowGenerator
b19313f,b19313f,,generator,TableRowGenerator
b19313g,b19313g,,generator,TableRowGenerator
b19313h,b19313h,,generator,TableRowGenerator
b19313i,b19313i,,generator,TableRowGenerator
b19325,b19325,,generator,TableRowGenerator
b19326,b19326,,generator,TableRowGenerator
b20001,b20001,,generator,TableRowGenerator
b20002,b20002,,generator,TableRowGenerator
b20003,b20003,,generator,TableRowGenerator
b20004,b20004,,generator,TableRowGenerator
b20005,b20005,,generator,TableRowGenerator
b20005a,b20005a,,generator,TableRowGenerator
b20005b,b20005b,,generator,TableRowGenerator
b20005c,b20005c,,generator,TableRowGenerator
b20005d,b20005d,,generator,TableRowGenerator
b20005e,b20005e,,generator,TableRowGenerator
b20005f,b20005f,,generator,TableRowGenerator
b20005g,b20005g,,generator,TableRowGenerator
b20005h,b20005h,,generator,TableRowGenerator
b20005i,b20005i,,generator,TableRowGenerator
b20017,b20017,,generator,TableRowGenerator
b20017a,b20017a,,generator,TableRowGenerator
b20017b,b20017b,,generator,TableRowGenerator
b20017c,b20017c,,generator,TableRowGenerator
b20017d,b20017d,,generator,TableRowGenerator
b20017e,b20017e,,generator,TableRowGenerator
b20017f,b20017f,,generator,TableRowGenerator
b20017g,b20017g,,generator,TableRowGenerator
b20017h,b20017h,,generator,TableRowGenerator
b20017i,b20017i,,generator,TableRowGenerator
b21001,b21001,,generator,TableRowGenerator
b21002,b21002,,generator,TableRowGenerator
b21003,b21003,,generator,TableRowGenerator
b21004,b21004,,generator,TableRowGenerator
b21005,b21005,,generator,TableRowGenerator
b22001,b22001,,generator,TableRowGenerator
b22002,b22002,,generator,TableRowGenerator
b22003,b22003,,generator,TableRowGenerator
b22005a,b22005a,,generator,TableRowGenerator
b22005b,b22005b,,generator,TableRowGenerator
b22005c,b22005c,,generator,TableRowGenerator
b22005d,b22005d,,generator,TableRowGenerator
b22005e,b22005e,,generator,TableRowGenerator
b22005f,b22005f,,generator,TableRowGenerator
b22005g,b22005g,,generator,TableRowGenerator
b22005h,b22005h,,generator,TableRowGenerator
b22005i,b22005i,,generator,TableRowGenerator
b22007,b22007,,generator,TableRowGenerator
b22008,b22008,,generator,TableRowGenerator
b23001,b23001,,generator,TableRowGenerator
b23003,b23003,,generator,TableRowGenerator
b23004,b23004,,generator,TableRowGenerator
b23006,b23006,,generator,TableRowGenerator
b23007,b23007,,generator,TableRowGenerator
b23008,b23008,,generator,TableRowGenerator
b23009,b23009,,generator,TableRowGenerator
b23010,b23010,,generator,TableRowGenerator
b23013,b23013,,generator,TableRowGenerator
b23018,b23018,,generator,TableRowGenerator
b23020,b23020,,generator,TableRowGenerator
b23022,b23022,,generator,TableRowGenerator
b24011,b24011,,generator,TableRowGenerator
b24012,b24012,,generator,TableRowGenerator
b24021,b24021,,generator,TableRowGenerator
b24022,b24022,,generator,TableRowGenerator
b24031,b24031,,generator,TableRowGenerator
b24032,b24032,,generator,TableRowGenerator
b24041,b24041,,generator,TableRowGenerator
b24042,b24042,,generator,TableRowGenerator
b24080,b24080,,generator,TableRowGenerator
b24081,b24081,,generator,TableRowGenerator
b24082,b24082,,generator,TableRowGenerator
b24090,b24090,,generator,TableRowGenerator
b24091,b24091,,generator,TableRowGenerator
b24092,b24092,,generator,TableRowGenerator
b24121,b24121,,generator,TableRowGenerator
b24122,b24122,,generator,TableRowGenerator
b24123,b24123,,generator,TableRowGenerator
b24124,b24124,,generator,TableRowGenerator
b24125,b24125,,generator,TableRowGenerator
b24126,b24126,,generator,TableRowGenerator
b25001,b25001,,generator,TableRowGenerator
b25002,b25002,,generator,TableRowGenerator
b25003,b25003,,generator,TableRowGenerator
b25003a,b25003a,,generator,TableRowGenerator
b25003b,b25003b,,generator,TableRowGenerator
b25003c,b25003c,,generator,TableRowGenerator
b25003d,b25003d,,generator,TableRowGenerator
b25003e,b25003e,,generator,TableRowGenerator
b25003f,b25003f,,generator,TableRowGenerator
b25003g,b25003g,,generator,TableRowGenerator
b25003h,b25003h,,generator,TableRowGenerator
b25003i,b25003i,,generator,TableRowGenerator
b25004,b25004,,generator,TableRowGenerator
b25005,b25005,,generator,TableRowGenerator
b25006,b25006,,generator,TableRowGenerator
b25007,b25007,,generator,TableRowGenerator
b25008,b25008,,generator,TableRowGenerator
b25009,b25009,,generator,TableRowGenerator
b25010,b25010,,generator,TableRowGenerator
b25011,b25011,,generator,TableRowGenerator
b25012,b25012,,generator,TableRowGenerator
b25013,b25013,,generator,TableRowGenerator
b25014,b25014,,generator,TableRowGenerator
b25014a,b25014a,,generator,TableRowGenerator
b25014b,b25014b,,generator,TableRowGenerator
b25014c,b25014c,,generator,TableRowGenerator
b25014d,b25014d,,generator,TableRowGenerator
b25014e,b25014e,,generator,TableRowGenerator
b25014f,b25014f,,generator,TableRowGenerator
b25014g,b25014g,,generator,TableRowGenerator
b25014h,b25014h,,generator,TableRowGenerator
b25014i,b25014i,,generator,TableRowGenerator
b25015,b25015,,generator,TableRowGenerator
b25016,b25016,,generator,TableRowGenerator
b25017,b25017,,generator,TableRowGenerator
b25018,b25018,,generator,TableRowGenerator
b25019,b25019,,generator,TableRowGenerator
b25020,b25020,,generator,TableRowGenerator
b25021,b25021,,generator,TableRowGenerator
b25022,b25022,,generator,TableRowGenerator
b25023,b25023,,generator,TableRowGenerator
b25024,b25024,,generator,TableRowGenerator
b25026,b25026,,generator,TableRowGenerator
b25027,b25027,,generator,TableRowGenerator
b25032,b25032,,generator,TableRowGenerator
b25032a,b25032a,,generator,TableRowGenerator
b25032b,b25032b,,generator,TableRowGenerator
b25032c,b25032c,,generator,TableRowGenerator
b25032d,b25032d,,generator,TableRowGenerator
b25032e,b25032e,,generator,TableRowGenerator
b25032f,b25032f,,generator,TableRowGenerator
b25032g,b25032g,,generator,TableRowGenerator
b25032h,b25032h,,generator,TableRowGenerator
b25032i,b25032i,,generator,TableRowGenerator
b25033,b25033,,generator,TableRowGenerator
b25034,b25034,,generator,TableRowGenerator
b25035,b25035,,generator,TableRowGenerator
b25036,b25036,,generator,TableRowGenerator
b25037,b25037,,generator,TableRowGenerator
b25038,b25038,,generator,TableRowGenerator
b25039,b25039,,generator,TableRowGenerator
b25040,b25040,,generator,TableRowGenerator
b25041,b25041,,generator,TableRowGenerator
b25042,b25042,,generator,TableRowGenerator
b25043,b25043,,generator,TableRowGenerator
b25044,b25044,,generator,TableRowGenerator
b25045,b25045,,generator,TableRowGenerator
b25046,b25046,,generator,TableRowGenerator
b25047,b25047,,generator,TableRowGenerator
b25048,b25048,,generator,TableRowGenerator
b25049,b25049,,generator,TableRowGenerator
b25050,b25050,,generator,TableRowGenerator
b25051,b25051,,generator,TableRowGenerator
b25052,b25052,,generator,TableRowGenerator
b25053,b25053,,generator,TableRowGenerator
b25054,b25054,,generator,TableRowGenerator
b25055,b25055,,generator,TableRowGenerator
b25056,b25056,,generator,TableRowGenerator
b25057,b25057,,generator,TableRowGenerator
b25058,b25058,,generator,TableRowGenerator
b25059,b25059,,generator,TableRowGenerator
b25060,b25060,,generator,TableRowGenerator
b25061,b25061,,generator,TableRowGenerator
b25062,b25062,,generator,TableRowGenerator
b25063,b25063,,generator,TableRowGenerator
b25064,b25064,,generator,TableRowGenerator
b25065,b25065,,generator,TableRowGenerator
b25066,b25066,,generator,TableRowGenerator
b25067,b25067,,generator,TableRowGenerator
b25068,b25068,,generator,TableRowGenerator
b25069,b25069,,generator,TableRowGenerator
b25070,b25070,,generator,TableRowGenerator
b25071,b25071,,generator,TableRowGenerator
b25072,b25072,,generator,TableRowGenerator
b25073,b25073,,generator,TableRowGenerator
b25074,b25074,,generator,TableRowGenerator
b25075,b25075,,generator,TableRowGenerator
b25076,b25076,,generator,TableRowGenerator
b25077,b25077,,generator,TableRowGenerator
b25078,b25078,,generator,TableRowGenerator
b25079,b25079,,generator,TableRowGenerator
b25080,b25080,,generator,TableRowGenerator
b25081,b25081,,generator,TableRowGenerator
b25082,b25082,,generator,TableRowGenerator
b25083,b25083,,generator,TableRowGenerator
b25085,b25085,,generator,TableRowGenerator
b25086,b25086,,generator,TableRowGenerator
b25087,b25087,,generator,TableRowGenerator
b25088,b25088,,generator,TableRowGenerator
b25089,b25089,,generator,TableRowGenerator
b25091,b25091,,generator,TableRowGenerator
b25092,b25092,,generator,TableRowGenerator
b25093,b25093,,generator,TableRowGenerator
b25094,b25094,,generator,TableRowGenerator
b25096,b25096,,generator,TableRowGenerator
b25097,b25097,,generator,TableRowGenerator
b25098,b25098,,generator,TableRowGenerator
b25099,b25099,,generator,TableRowGenerator
b25100,b25100,,generator,TableRowGenerator
b25101,b25101,,generator,TableRowGenerator
b25102,b25102,,generator,TableRowGenerator
b25103,b25103,,generator,TableRowGenerator
b25104,b25104,,generator,TableRowGenerator
b25105,b25105,,generator,TableRowGenerator
b25106,b25106,,generator,TableRowGenerator
b25107,b25107,,generator,TableRowGenerator
b25108,b25108,,generator,TableRowGenerator
b25109,b25109,,generator,TableRowGenerator
b25110,b25110,,generator,TableRowGenerator
b25111,b25111,,generator,TableRowGenerator
b25112,b25112,,generator,TableRowGenerator
b25113,b25113,,generator,TableRowGenerator
b25114,b25114,,generator,TableRowGenerator
b25115,b25115,,generator,TableRowGenerator
b25116,b25116,,generator,TableRowGenerator
b25117,b25117,,generator,TableRowGenerator
b25118,b25118,,generator,TableRowGenerator
b25119,b25119,,generator,TableRowGenerator
b25120,b25120,,generator,TableRowGenerator
b25121,b25121,,generator,TableRowGenerator
b25122,b25122,,generator,TableRowGenerator
b25123,b25123,,generator,TableRowGenerator
b26001,b26001,,generator,TableRowGenerator
b98001,b98001,,generator,TableRowGenerator
b98002,b98002,,generator,TableRowGenerator
b98011,b98011,,generator,TableRowGenerator
b98012,b98012,,generator,TableRowGenerator
b98013,b98013,,generator,TableRowGenerator
b98014,b98014,,generator,TableRowGenerator
b98021,b98021,,generator,TableRowGenerator
b98022,b98022,,generator,TableRowGenerator
b98031,b98031,,generator,TableRowGenerator
b98032,b98032,,generator,TableRowGenerator
b99011,b99011,,generator,TableRowGenerator
b99012,b99012,,generator,TableRowGenerator
b99021,b99021,,generator,TableRowGenerator
b99031,b99031,,generator,TableRowGenerator
b99051,b99051,,generator,TableRowGenerator
b99052,b99052,,generator,TableRowGenerator
b99052pr,b99052pr,,generator,TableRowGenerator
b99061,b99061,,generator,TableRowGenerator
b99071,b99071,,generator,TableRowGenerator
b99072,b99072,,generator,TableRowGenerator
b99080,b99080,,generator,TableRowGenerator
b99081,b99081,,generator,TableRowGenerator
b99082,b99082,,generator,TableRowGenerator
b99083,b99083,,generator,TableRowGenerator
b99084,b99084,,generator,TableRowGenerator
b99085,b99085,,generator,TableRowGenerator
b99086,b99086,,generator,TableRowGenerator
b99087,b99087,,generator,TableRowGenerator
b99088,b99088,,generator,TableRowGenerator
b99089,b99089,,generator,TableRowGenerator
b99092,b99092,,generator,TableRowGenerator
b99102,b99102,,generator,TableRowGenerator
b99103,b99103,,generator,TableRowGenerator
b99104,b99104,,generator,TableRowGenerator
b99121,b99121,,generator,TableRowGenerator
b99131,b99131,,generator,TableRowGenerator
b99132,b99132,,generator,TableRowGenerator
b99141,b99141,,generator,TableRowGenerator
b99142,b99142,,generator,TableRowGenerator
b99151,b99151,,generator,TableRowGenerator
b99161,b99161,,generator,TableRowGenerator
b99162,b99162,,generator,TableRowGenerator
b99163,b99163,,generator,TableRowGenerator
b99171,b99171,,generator,TableRowGenerator
b99172,b99172,,generator,TableRowGenerator
b99191,b99191,,generator,TableRowGenerator
b99192,b99192,,generator,TableRowGenerator
b99193,b99193,,generator,TableRowGenerator
b99194,b99194,,generator,TableRowGenerator
b99201,b99201,,generator,TableRowGenerator
b99211,b99211,,generator,TableRowGenerator
b99212,b99212,,generator,TableRowGenerator
b99221,b99221,,generator,TableRowGenerator
b99231,b99231,,generator,TableRowGenerator
b99232,b99232,,generator,TableRowGenerator
b99233,b99233,,generator,TableRowGenerator
b99234,b99234,,generator,TableRowGenerator
b99241,b99241,,generator,TableRowGenerator
b99242,b99242,,generator,TableRowGenerator
b99243,b99243,,generator,TableRowGenerator
b99244,b99244,,generator,TableRowGenerator
b99245,b99245,,generator,TableRowGenerator
b99246,b99246,,generator,TableRowGenerator
b992510,b992510,,generator,TableRowGenerator
b992511,b992511,,generator,TableRowGenerator
b992512,b992512,,generator,TableRowGenerator
b992513,b992513,,generator,TableRowGenerator
b992514,b992514,,generator,TableRowGenerator
b992515,b992515,,generator,TableRowGenerator
b992516,b992516,,generator,TableRowGenerator
b992518,b992518,,generator,TableRowGenerator
b992519,b992519,,generator,TableRowGenerator
b99252,b99252,,generator,TableRowGenerator
b992520,b992520,,generator,TableRowGenerator
b992521,b992521,,generator,TableRowGenerator
b992522,b992522,,generator,TableRowGenerator
b992523,b992523,,generator,TableRowGenerator
b99253,b99253,,generator,TableRowGenerator
b99254,b99254,,generator,TableRowGenerator
b99255,b99255,,generator,TableRowGenerator
b99256,b99256,,generator,TableRowGenerator
b99257,b99257,,generator,TableRowGenerator
b99258,b99258,,generator,TableRowGenerator
b99259,b99259,,generator,TableRowGenerator
c02003,c02003,,generator,TableRowGenerator
c07201,c07201,,generator,TableRowGenerator
c07201pr,c07201pr,,generator,TableRowGenerator
c07202,c07202,,generator,TableRowGenerator
c07203,c07203,,generator,TableRowGenerator
c08134,c08134,,generator,TableRowGenerator
c08136,c08136,,generator,TableRowGenerator
c14007a,c14007a,,generator,TableRowGenerator
c14007b,c14007b,,generator,TableRowGenerator
c14007c,c14007c,,generator,TableRowGenerator
c14007d,c14007d,,generator,TableRowGenerator
c14007e,c14007e,,generator,TableRowGenerator
c14007f,c14007f,,generator,TableRowGenerator
c14007g,c14007g,,generator,TableRowGenerator
c14007h,c14007h,,generator,TableRowGenerator
c14007i,c14007i,,generator,TableRowGenerator
c15002a,c15002a,,generator,TableRowGenerator
c15002b,c15002b,,generator,TableRowGenerator
c15002c,c15002c,,generator,TableRowGenerator
c15002d,c15002d,,generator,TableRowGenerator
c15002e,c15002e,,generator,TableRowGenerator
c15002f,c15002f,,generator,TableRowGenerator
c15002g,c15002g,,generator,TableRowGenerator
c15002h,c15002h,,generator,TableRowGenerator
c15002i,c15002i,,generator,TableRowGenerator
c17002,c17002,,generator,TableRowGenerator
c21001a,c21001a,,generator,TableRowGenerator
c21001b,c21001b,,generator,TableRowGenerator
c21001c,c21001c,,generator,TableRowGenerator
c21001d,c21001d,,generator,TableRowGenerator
c21001e,c21001e,,generator,TableRowGenerator
c21001f,c21001f,,generator,TableRowGenerator
c21001g,c21001g,,generator,TableRowGenerator
c21001h,c21001h,,generator,TableRowGenerator
c21001i,c21001i,,generator,TableRowGenerator
c23002a,c23002a,,generator,TableRowGenerator
c23002b,c23002b,,generator,TableRowGenerator
c23002c,c23002c,,generator,TableRowGenerator
c23002d,c23002d,,generator,TableRowGenerator
c23002e,c23002e,,generator,TableRowGenerator
c23002f,c23002f,,generator,TableRowGenerator
c23002g,c23002g,,generator,TableRowGenerator
c23002h,c23002h,,generator,TableRowGenerator
c23002i,c23002i,,generator,TableRowGenerator
c24010,c24010,,generator,TableRowGenerator
c24010a,c24010a,,generator,TableRowGenerator
c24010b,c24010b,,generator,TableRowGenerator
c24010c,c24010c,,generator,TableRowGenerator
c24010d,c24010d,,generator,TableRowGenerator
c24010e,c24010e,,generator,TableRowGenerator
c24010f,c24010f,,generator,TableRowGenerator
c24010g,c24010g,,generator,TableRowGenerator
c24010h,c24010h,,generator,TableRowGenerator
c24010i,c24010i,,generator,TableRowGenerator
c24020,c24020,,generator,TableRowGenerator
c24030,c24030,,generator,TableRowGenerator
c24040,c24040,,generator,TableRowGenerator
c24050,c24050,,generator,TableRowGenerator
c24060,c24060,,generator,TableRowGenerator
c24070,c24070,,generator,TableRowGenerator
c25095,c25095,,generator,TableRowGenerator
base_url_5,,20095,template,http://www2.census.gov/acs2009_5yr/summaryfile/2005-2009_ACSSF_By_State_All_Tables
large_area_url_5,,20095,template,{root}/{state_name}_All_Geographies_Not_Tracts_Block_Groups.zip
small_area_url_5,,20095,template,{root}/{state_name}_Tracts_Block_Groups_Only.zip
